County,Precinct Short Name,Delegates to County Convention,State Delegate Equivalents
Lee,FM4B,0,0
Lee,KE2B,0,0
Lee,HR,0,0
Appanoose,CW,2,0.16
Black Hawk,S000,2,0.404
Carroll,7,2,0.22
Carroll,12,2,0.22
Cedar,IN,2,0.34285714285714286
Cerro Gordo,FLN,2,0.35428571428571426
Cerro Gordo,LK,2,0.35428571428571426
Cerro Gordo,LCN,2,0.35428571428571426
Cerro Gordo,MSB,2,0.35428571428571426
Cerro Gordo,MV,2,0.35428571428571426
Clay,GFHD,2,0.18823529411764706
Clay,LGGG,2,0.18823529411764706
Clinton,DCGL,2,0.44285714285714284
Clinton,OGCA,2,0.44285714285714284
Dallas,ADS,2,0.8285714285714286
Dallas,COA,2,0.8285714285714286
Dallas,WM322,2,0.8285714285714286
Dickinson,PCT 04,2,0.25
Dickinson,PCT 06,2,0.25
Fremont,RT,2,0.15
"Guthrie ",8,2,0.17142857142857143
Harrison,LS,2,0.18666666666666668
Howard,CR1A,2,0.2857142857142857
Howard,RJO,2,0.2857142857142857
Humboldt,H-WV,2,0.17777777777777778
Humboldt,NL-EV,2,0.17777777777777778
Jackson,10,2,0.34285714285714286
Jackson,11,2,0.34285714285714286
Jefferson,BU,2,0.43636363636363634
Jefferson,WLR,2,0.43636363636363634
Johnson,HS,2,0.81
Johnson,LB,2,0.81
Johnson,UN,2,0.81
Kossuth,LV,2,0.17777777777777778
Kossuth,CR 2,2,0.17777777777777778
Linn,HIA03,2,0.8790697674418605
Linn,TCLI,2,0.8790697674418605
Linn,TFAY,2,0.8790697674418605
Linn,TGRA,2,0.8790697674418605
Linn,TJAC,2,0.8790697674418605
Linn,TMAR,2,0.8790697674418605
Linn,TOTT,2,0.8790697674418605
Mills,EM,2,0.3111111111111111
Mitchell,12,2,0.15
O'Brien,P1,2,0.14545454545454545
Plymouth,BV,2,0.45
Polk,DM 048,2,0.5596002855103498
Polk,DM 067,2,0.5596002855103498
Polk,ALLEMAN,2,0.5596002855103498
Polk,DEL 2,2,0.5596002855103498
Polk,WB 1,2,0.5596002855103498
Poweshiek,3,2,0.28
Sac,2,2,0.13333333333333333
Scott,LCT,2,0.8266666666666667
Scott,LG,2,0.8266666666666667
Scott,PV,2,0.8266666666666667
Scott,PR,2,0.8266666666666667
Sioux,PL,2,0.175
Sioux,RD,2,0.175
Story,26,2,0.83
Story,35,2,0.83
Story,41,2,0.83
Story,43,2,0.83
Tama,YK,2,0.25882352941176473
Union,AR,2,0.15
Woodbury,32,2,0.425
Woodbury,34,2,0.425
Woodbury,36,2,0.425
Woodbury,38,2,0.425
Wright,EG1,2,0.26666666666666666
Wright,RURALEG,2,0.26666666666666666
Wright,GLDFLD,2,0.26666666666666666
Allamakee,PCT 3,3,0.23333333333333334
Black Hawk,J200,3,0.6060000000000001
Black Hawk,PH01,3,0.6060000000000001
Black Hawk,R000,3,0.6060000000000001
Boone,MD3,3,0.5700000000000001
Boone,RP3,3,0.5700000000000001
Boone,RP5,3,0.5700000000000001
Bremer,PL,3,0.6799999999999999
Buchanan,MN,3,0.41052631578947374
Calhoun,READING,3,0.25
Calhoun,SHERMAN,3,0.25
Carroll,10,3,0.33
Cedar,FR,3,0.5142857142857142
Cerro Gordo,POD,3,0.5314285714285714
Chickasaw,WA1,3,0.21000000000000002
Clay,DGPE,3,0.2823529411764706
Clay,LAFR,3,0.2823529411764706
Clinton,BBRD,3,0.6642857142857143
Clinton,ORGM,3,0.6642857142857143
Clinton,SRWH,3,0.6642857142857143
Clinton,WWAW,3,0.6642857142857143
Dallas,AL1,3,1.2428571428571429
Dallas,PY3,3,1.2428571428571429
Dallas,UN,3,1.2428571428571429
Dallas,URB15,3,1.2428571428571429
Dallas,WGG,3,1.2428571428571429
Decatur,DE,3,0.1411764705882353
Emmet,10,3,0.34285714285714286
"Guthrie ",7,3,0.2571428571428571
Harrison,JA,3,0.28
Harrison,BO,3,0.28
Harrison,JF,3,0.28
Howard,AL,3,0.42857142857142855
Howard,SHC,3,0.42857142857142855
Howard,NO,3,0.42857142857142855
Humboldt,A-NW,3,0.26666666666666666
Humboldt,D-W-NR,3,0.26666666666666666
Jackson,2,3,0.5142857142857142
Jackson,3,3,0.5142857142857142
Jackson,5,3,0.5142857142857142
Jackson,8,3,0.5142857142857142
Jackson,13,3,0.5142857142857142
Johnson,OX,3,1.215
Johnson,WL,3,1.215
Keokuk,BN,3,0.34285714285714286
Keokuk,SGR,3,0.34285714285714286
Keokuk,WC,3,0.34285714285714286
Mitchell,11,3,0.22499999999999998
Plymouth,AK,3,0.675
Plymouth,RM,3,0.675
Plymouth,MR,3,0.675
Plymouth,PY,3,0.675
Plymouth,KL,3,0.675
Pocahontas,BV,3,0.18
Polk,DM 034,3,0.8394004282655247
Polk,DM 049,3,0.8394004282655247
Polk,CLAY 1,3,0.8394004282655247
Polk,DOUGLAS,3,0.8394004282655247
Polk,WDM-318,3,0.8394004282655247
Poweshiek,4,3,0.42000000000000004
Ringgold,TG,3,0.11249999999999999
Scott,WC,3,1.24
Sioux,FL,3,0.26249999999999996
Sioux,GT,3,0.26249999999999996
Sioux,RVW,3,0.26249999999999996
Story,24,3,1.2449999999999999
Story,30,3,1.2449999999999999
Story,31,3,1.2449999999999999
Story,32,3,1.2449999999999999
Story,33,3,1.2449999999999999
Story,39,3,1.2449999999999999
Tama,CRONNOC,3,0.3882352941176471
Tama,RL/ST,3,0.3882352941176471
Wapello,DA,3,0.27
Wapello,RL,3,0.27
Warren,JK,3,0.7
Warren,RL,3,0.7
Warren,WHO,3,0.7
Washington,WC,3,0.5571428571428572
Webster,CR,3,0.25
Webster,JO,3,0.25
Woodbury,9,3,0.6375
Woodbury,31,3,0.6375
Allamakee,PCT 1,4,0.3111111111111111
Allamakee,PCT 5,4,0.3111111111111111
Black Hawk,X201,4,0.808
Black Hawk,J100,4,0.808
Black Hawk,J300,4,0.808
Black Hawk,J400,4,0.808
Black Hawk,N000,4,0.808
Black Hawk,W501,4,0.808
Boone,MD1,4,0.76
Boone,MD2,4,0.76
Bremer,LA,4,0.9066666666666666
Bremer,RD,4,0.9066666666666666
Buchanan,BD,4,0.5473684210526316
Buchanan,HT,4,0.5473684210526316
Carroll,9,4,0.44
Carroll,5,4,0.44
Chickasaw,CH,4,0.28
Chickasaw,DA-RD,4,0.28
Chickasaw,JA-UT,4,0.28
Clay,LNCL,4,0.3764705882352941
Clay,WFLT,4,0.3764705882352941
Clinton,DEWT,4,0.8857142857142857
Clinton,ERHA,4,0.8857142857142857
Decatur,BU,4,0.18823529411764706
Decatur,GR,4,0.18823529411764706
Dubuque,35,4,1.0666666666666667
Dubuque,40,4,1.0666666666666667
Emmet,1,4,0.45714285714285713
Emmet,9,4,0.45714285714285713
Franklin,GROC,4,0.2222222222222222
Franklin,WMO,4,0.2222222222222222
Franklin,WRSC,4,0.2222222222222222
Harrison,MR,4,0.37333333333333335
Harrison,WS,4,0.37333333333333335
Jasper,CF-1,4,0.46
Jasper,CF-3,4,0.46
Jasper,EL,4,0.46
Jefferson,FF3,4,0.8727272727272727
Johnson,BG,4,1.62
Johnson,FR,4,1.62
Johnson,SC,4,1.62
Johnson,UH,4,1.62
Keokuk,ER,4,0.45714285714285713
Kossuth,HB,4,0.35555555555555557
Kossuth,PR,4,0.35555555555555557
Kossuth,GF,4,0.35555555555555557
Lee,JF,4,0.56
Lucas,EX,4,0.2909090909090909
Mills,GWR,4,0.6222222222222222
O'Brien,P2,4,0.2909090909090909
Plymouth,HT,4,0.9
Plymouth,LM13,4,0.9
Poweshiek,11,4,0.56
Sioux,LN,4,0.35
Sioux,RVE,4,0.35
Sioux,SCN,4,0.35
Story,17,4,1.66
Tama,CT,4,0.5176470588235295
Tama,HL/IV/T,4,0.5176470588235295
Warren,JF,4,0.9333333333333333
Warren,OT ML,4,0.9333333333333333
Woodbury,11,4,0.85
Woodbury,13,4,0.85
Wright,BIG_6,4,0.5333333333333333
Adams,AD5,5,0.4285714285714286
Allamakee,PCT 8,5,0.3888888888888889
Benton,BP2,5,0.375
Benton,BR,5,0.375
Black Hawk,ALOO,5,1.01
Black Hawk,W403,5,1.01
Black Hawk,W406,5,1.01
Boone,RP1,5,0.95
Bremer,JV,5,1.1333333333333333
Bremer,TR,5,1.1333333333333333
Bremer,WL3,5,1.1333333333333333
Buchanan,AR,5,0.6842105263157895
Buchanan,FB,5,0.6842105263157895
Buchanan,RW,5,0.6842105263157895
Buena Vista,ALNE,5,1
Buena Vista,S-M-L-R,5,1
Butler,5-AP,5,0.5833333333333334
Butler,8-NH,5,0.5833333333333334
Calhoun,CNLGTGA,5,0.41666666666666663
Carroll,6,5,0.55
Cedar,TT3,5,0.8571428571428572
Cerro Gordo,GN,5,0.8857142857142857
Cherokee,3 QUIM,5,0.5454545454545454
Chickasaw,NHR,5,0.35000000000000003
Clayton,CS,5,0.8333333333333333
Dallas,CL5,5,2.0714285714285716
Dallas,URB14,5,2.0714285714285716
Dallas,WK4,5,2.0714285714285716
Dallas,WK5,5,2.0714285714285716
Dallas,WK6,5,2.0714285714285716
Dallas,WM222,5,2.0714285714285716
Dallas,WM321,5,2.0714285714285716
Delaware,CL,5,0.375
Dickinson,PCT 01,5,0.625
Dickinson,PCT 02,5,0.625
Emmet,6,5,0.5714285714285714
Emmet,7,5,0.5714285714285714
Floyd,SCUNPG,5,0.5555555555555556
Franklin,HLLERV,5,0.2777777777777778
Franklin,MA,5,0.2777777777777778
Franklin,OKMG,5,0.2777777777777778
"Guthrie ",1,5,0.4285714285714286
Howard,CR3,5,0.7142857142857142
Howard,CR1B,5,0.7142857142857142
Humboldt,DC-GR,5,0.4444444444444445
Jackson,9,5,0.8571428571428572
Jackson,15,5,0.8571428571428572
Jasper,CF-2,5,0.5750000000000001
Jasper,PA,5,0.5750000000000001
Johnson,CV.03,5,2.0250000000000004
Johnson,JE,5,2.0250000000000004
Johnson,JW,5,2.0250000000000004
Kossuth,EG,5,0.4444444444444445
Kossuth,GM,5,0.4444444444444445
Kossuth,BF,5,0.4444444444444445
Lucas,POM,5,0.36363636363636365
Mills,GW1,5,0.7777777777777778
Mills,GW2,5,0.7777777777777778
Mitchell,10,5,0.375
Monona,ON409,5,0.25
Muscatine,FUMO,5,0.8333333333333333
O'Brien,P5,5,0.36363636363636365
O'Brien,P6,5,0.36363636363636365
Story,12,5,2.0749999999999997
Story,13,5,2.0749999999999997
Story,18,5,2.0749999999999997
Tama,H/TL,5,0.6470588235294118
Warren,GR1,5,1.1666666666666667
Warren,IN1,5,1.1666666666666667
Warren,IN3,5,1.1666666666666667
Warren,IN6,5,1.1666666666666667
Washington,BMC,5,0.9285714285714286
Webster,EL,5,0.41666666666666663
Webster,SWYH,5,0.41666666666666663
Woodbury,4,5,1.0625
Woodbury,8,5,1.0625
Woodbury,20,5,1.0625
Woodbury,35,5,1.0625
Black Hawk,W201,6,1.2120000000000002
Black Hawk,W306,6,1.2120000000000002
Boone,RP6,6,1.1400000000000001
Bremer,SU,6,1.3599999999999999
Buchanan,I2,6,0.8210526315789475
Buchanan,I4,6,0.8210526315789475
Buchanan,I5,6,0.8210526315789475
Buchanan,PW,6,0.8210526315789475
Buchanan,QT,6,0.8210526315789475
Cherokee,4 CHER,6,0.6545454545454545
Chickasaw,DF-W2,6,0.42000000000000004
Dallas,CL6,6,2.4857142857142858
Dallas,WK1,6,2.4857142857142858
Dallas,WK2,6,2.4857142857142858
Des Moines,BU1T,6,2.16
Des Moines,BU7,6,2.16
Des Moines,WB,6,2.16
Dubuque,14,6,1.6
Dubuque,45,6,1.6
"Guthrie ",3,6,0.5142857142857142
Howard,AF,6,0.8571428571428571
Howard,CR2,6,0.8571428571428571
Jackson,7,6,1.0285714285714285
Jackson,16,6,1.0285714285714285
Jasper,MW,6,0.6900000000000001
Johnson,IC.15,6,2.43
Johnson,NL.04,6,2.43
Johnson,NL.05,6,2.43
Johnson,SO,6,2.43
Kossuth,CR,6,0.5333333333333333
Lee,KE3,6,0.8400000000000001
Lee,KE4,6,0.8400000000000001
Lee,CH VB,6,0.8400000000000001
Lucas,LC,6,0.43636363636363634
Lucas,RS,6,0.43636363636363634
Monroe,AL2,6,0.27692307692307694
Monroe,MELROSE,6,0.27692307692307694
Muscatine,MU08,6,1
Muscatine,SW,6,1
O'Brien,P9,6,0.43636363636363634
Plymouth,LM11,6,1.35
Plymouth,LM12,6,1.35
Poweshiek,5,6,0.8400000000000001
Ringgold,CL,6,0.22499999999999998
Sioux,SCS,6,0.5249999999999999
Story,1,6,2.4899999999999998
Story,3,6,2.4899999999999998
Story,16,6,2.4899999999999998
Story,25,6,2.4899999999999998
Story,40,6,2.4899999999999998
Tama,SP/WC,6,0.7764705882352942
Wapello,AD,6,0.54
Wapello,WA,6,0.54
Warren,AL2,6,1.4
Warren,GR1DM85,6,1.4
Warren,IN5,6,1.4
Washington,WS1,6,1.1142857142857143
Winneshiek,8,6,0.768
Winneshiek,10,6,0.768
Woodbury,14,6,1.275
Woodbury,30,6,1.275
Allamakee,PCT 6,7,0.5444444444444445
Appanoose,TY,7,0.56
Boone,OG,7,1.33
Boone,RP2,7,1.33
Boone,RP4,7,1.33
Bremer,WL2,7,1.5866666666666667
Buchanan,WN,7,0.9578947368421054
Buena Vista,1,7,1.4000000000000001
Buena Vista,3,7,1.4000000000000001
Carroll,8,7,0.77
Carroll,13,7,0.77
Cerro Gordo,CL,7,1.24
Cerro Gordo,MC W2P1,7,1.24
Cherokee,6 CH W2,7,0.7636363636363636
Chickasaw,NH2,7,0.49000000000000005
Clay,SRSM,7,0.6588235294117647
Clinton,CAM2,7,1.5499999999999998
Clinton,CL11,7,1.5499999999999998
Clinton,CL21,7,1.5499999999999998
Dallas,URB13,7,2.9000000000000004
Dallas,WK3,7,2.9000000000000004
Davis,SW,7,0.21
Decatur,GG,7,0.32941176470588235
Delaware,ADHG,7,0.525
Delaware,DH,7,0.525
Des Moines,BU2,7,2.52
Des Moines,BU9,7,2.52
Dickinson,PCT 05,7,0.875
Fremont,HB,7,0.525
Harrison,SJ,7,0.6533333333333333
Jefferson,FF5,7,1.5272727272727271
Lee,KE6,7,0.9800000000000001
Lee,JK,7,0.9800000000000001
Lee,MO,7,0.9800000000000001
Lucas,WM,7,0.509090909090909
Mahaska,OS2,7,1.12
Marion,PE1,7,1.26
Marion,PE2,7,1.26
Marshall,2 ED-LO,7,1.12
Marshall,17 SC,7,1.12
Mills,GW3,7,1.088888888888889
Mitchell,OS3,7,0.525
Mitchell,8,7,0.525
Monona,MH005,7,0.35000000000000003
Monona,ON207,7,0.35000000000000003
Monona,ON308,7,0.35000000000000003
Montgomery,7,7,0.56
O'Brien,P4,7,0.509090909090909
O'Brien,P8,7,0.509090909090909
Page,GT,7,0.56
Shelby,4,7,0.35000000000000003
Sioux,AT,7,0.6124999999999999
Sioux,SCC,7,0.6124999999999999
Story,7,7,2.905
Story,19,7,2.905
Story,22,7,2.905
Warren,GR2LC2,7,1.6333333333333333
Warren,NW2 GR1,7,1.6333333333333333
Washington,RS,7,1.3
Washington,WS2,7,1.3
Webster,GO,7,0.5833333333333333
Winneshiek,1,7,0.896
Woodbury,15,7,1.4875
Woodbury,16,7,1.4875
Woodbury,21,7,1.4875
Woodbury,23,7,1.4875
Woodbury,24,7,1.4875
Woodbury,25,7,1.4875
Woodbury,29,7,1.4875
Adair,01NW,8,0.6274509803921569
Allamakee,PCT 4,8,0.6222222222222222
Black Hawk,C000,8,1.616
Black Hawk,X101,8,1.616
Black Hawk,W103,8,1.616
Black Hawk,W105,8,1.616
Black Hawk,W301,8,1.616
Black Hawk,W502,8,1.616
Bremer,WL4,8,1.8133333333333332
Buena Vista,4,8,1.6
Carroll,11,8,0.88
Cedar,CN,8,1.3714285714285714
Cedar,FM,8,1.3714285714285714
Cerro Gordo,MC W1P1,8,1.417142857142857
Cerro Gordo,MC W2P3,8,1.417142857142857
Cerro Gordo,MC W3P2,8,1.417142857142857
Cerro Gordo,MC W4P1,8,1.417142857142857
Cherokee,1 AUR,8,0.8727272727272727
Chickasaw,ST,8,0.56
Clinton,CAM1,8,1.7714285714285714
Clinton,DEW1,8,1.7714285714285714
Dallas,WM221,8,3.3142857142857145
Dallas,WM225,8,3.3142857142857145
Des Moines,BU8C,8,2.88
Dubuque,09A,8,2.1333333333333333
Dubuque,11,8,2.1333333333333333
Dubuque,15,8,2.1333333333333333
Floyd,FLCENI,8,0.8888888888888888
Floyd,RFUL,8,0.8888888888888888
Franklin,HP1,8,0.4444444444444444
Harrison,WB,8,0.7466666666666667
Harrison,LO,8,0.7466666666666667
Jefferson,CT,8,1.7454545454545454
Jefferson,FF4,8,1.7454545454545454
Johnson,CC,8,3.24
Johnson,CV.02,8,3.24
Johnson,IC.07,8,3.24
Johnson,IC.11,8,3.24
Johnson,IC.22,8,3.24
"Jones ",CGLW,8,1.28
"Jones ",FV,8,1.28
Kossuth,BT,8,0.7111111111111111
Kossuth,AL4,8,0.7111111111111111
Lee,KE5,8,1.12
Lee,KE7,8,1.12
Linn,CR12,8,3.516279069767442
Linn,CR24,8,3.516279069767442
Linn,CR31,8,3.516279069767442
Linn,CR36,8,3.516279069767442
Linn,CR39,8,3.516279069767442
Linn,MR05,8,3.516279069767442
Mahaska,OS4,8,1.28
Mills,MV,8,1.2444444444444445
Mills,OK,8,1.2444444444444445
Monroe,AL3,8,0.36923076923076925
O'Brien,P7,8,0.5818181818181818
Story,2,8,3.32
Story,4,8,3.32
Story,8,8,3.32
Story,14,8,3.32
Story,15,8,3.32
Story,20,8,3.32
Washington,AW,8,1.4857142857142858
Washington,WS3,8,1.4857142857142858
Washington,WS4,8,1.4857142857142858
Adair,03SW,9,0.7058823529411764
Allamakee,PCT 9,9,0.7
Allamakee,PCT 10,9,0.7
Allamakee,PCT 11,9,0.7
Benton,BG,9,0.6749999999999999
Boone,BN1,9,1.71
Bremer,DV,9,2.04
Bremer,WL1,9,2.04
Bremer,WL5,9,2.04
Buchanan,I3,9,1.231578947368421
Cerro Gordo,CL1,9,1.594285714285714
Cerro Gordo,CL3,9,1.594285714285714
Cerro Gordo,MC W4P2,9,1.594285714285714
Cherokee,2 CLEG,9,0.9818181818181818
Chickasaw,NH1,9,0.6300000000000001
Clinton,CL12,9,1.9928571428571429
Decatur,LC,9,0.4235294117647059
Delaware,HCEK,9,0.6749999999999999
Delaware,RLCG,9,0.6749999999999999
Dubuque,6,9,2.4
Dubuque,43,9,2.4
Grundy,P1,9,0.9
Harrison,HS,9,0.8400000000000001
Jasper,CP,9,1.0350000000000001
Jasper,NT4-2,9,1.0350000000000001
Jefferson,FF1,9,1.9636363636363636
Lee,FM2,9,1.2600000000000002
Linn,CR25,9,3.9558139534883723
Linn,CR26,9,3.9558139534883723
Louisa,CJ,9,0.9
Louisa,GV,9,0.9
Marion,KX3,9,1.6199999999999999
Marion,KXT,9,1.6199999999999999
Mitchell,OS4,9,0.6749999999999999
Mitchell,7,9,0.6749999999999999
Monroe,AL4,9,0.4153846153846154
Monroe,LOVILIA,9,0.4153846153846154
Pocahontas,SW,9,0.54
Pocahontas,DM,9,0.54
Ringgold,AT,9,0.33749999999999997
Ringgold,UN,9,0.33749999999999997
Scott,D64,9,3.7199999999999998
Story,5,9,3.735
Story,9,9,3.735
Story,10,9,3.735
Story,11,9,3.735
Tama,CK/GE,9,1.1647058823529413
Tama,IS,9,1.1647058823529413
Union,AF,9,0.6749999999999999
Warren,IN2,9,2.1
Warren,IN7,9,2.1
Washington,KA,9,1.6714285714285715
Washington,WL,9,1.6714285714285715
Wayne,S04,9,0.6749999999999999
Winneshiek,9,9,1.1520000000000001
Woodbury,6,9,1.9124999999999999
Woodbury,12,9,1.9124999999999999
Woodbury,17,9,1.9124999999999999
Woodbury,19,9,1.9124999999999999
Adair,04SE,10,0.7843137254901961
Black Hawk,DM00,10,2.02
Black Hawk,X301,10,2.02
Black Hawk,X402,10,2.02
Black Hawk,W101,10,2.02
Black Hawk,W401,10,2.02
Black Hawk,W505,10,2.02
Boone,BN2,10,1.9
Boone,BN3,10,1.9
Boone,BN5,10,1.9
Butler,1-GR,10,1.1666666666666667
Butler,7-PB,10,1.1666666666666667
Calhoun,LINCOLN,10,0.8333333333333333
Cerro Gordo,MC W1P2,10,1.7714285714285714
Cherokee,5 CH W1,10,1.0909090909090908
Cherokee,7 CH W3,10,1.0909090909090908
Clay,SP1,10,0.9411764705882353
Clinton,CL31,10,2.2142857142857144
Clinton,CL41,10,2.2142857142857144
Clinton,CL42,10,2.2142857142857144
Clinton,DEW2,10,2.2142857142857144
Dubuque,1,10,2.6666666666666665
Dubuque,12,10,2.6666666666666665
Dubuque,19,10,2.6666666666666665
Dubuque,32,10,2.6666666666666665
Dubuque,34,10,2.6666666666666665
Floyd,SCRV,10,1.1111111111111112
Franklin,HP2,10,0.5555555555555556
Hancock,4,10,1
Humboldt,H1-C-SW,10,0.888888888888889
Humboldt,H3-SR,10,0.888888888888889
Jasper,NT1-2,10,1.1500000000000001
Jasper,NT3-2,10,1.1500000000000001
Johnson,CV.06,10,4.050000000000001
Johnson,IC.02,10,4.050000000000001
Johnson,IC.04,10,4.050000000000001
Johnson,IC.08,10,4.050000000000001
Johnson,IC.21,10,4.050000000000001
Johnson,PN,10,4.050000000000001
Kossuth,AL3,10,0.888888888888889
Lee,FR CE,10,1.4000000000000001
Lee,WS GB,10,1.4000000000000001
Monroe,AL1,10,0.46153846153846156
Muscatine,WC,10,1.6666666666666665
Ringgold,WS,10,0.375
Scott,B52,10,4.133333333333333
Sioux,OC1,10,0.875
Story,6,10,4.1499999999999995
Tama,PY/CY/B,10,1.2941176470588236
Van Buren,KE,10,1
Warren,NWK4,10,2.3333333333333335
Winneshiek,7,10,1.28
Adair,02NE,11,0.8627450980392157
Appanoose,CV2,11,0.88
Benton,VT3,11,0.825
Black Hawk,X503,11,2.222
Black Hawk,W106,11,2.222
Black Hawk,W305,11,2.222
Black Hawk,W405,11,2.222
Buchanan,JS,11,1.5052631578947369
Butler,2-CL,11,1.2833333333333334
Butler,6-SR,11,1.2833333333333334
Cerro Gordo,CL2,11,1.9485714285714284
Cerro Gordo,MC W1P3,11,1.9485714285714284
Cerro Gordo,MC W3P1,11,1.9485714285714284
Cerro Gordo,MC W4P3,11,1.9485714285714284
Davis,NW,11,0.32999999999999996
Dubuque,5,11,2.933333333333333
Dubuque,10,11,2.933333333333333
Dubuque,20,11,2.933333333333333
Dubuque,31,11,2.933333333333333
Fayette,OE4,11,1.3199999999999998
Franklin,HP4,11,0.611111111111111
Fremont,GNRSSC,11,0.825
Hamilton,PCT 3,11,1.1
Jasper,DM,11,1.2650000000000001
Jasper,NT2-2,11,1.2650000000000001
Jefferson,FF2,11,2.4
Johnson,IC.06,11,4.455
Johnson,IC.16,11,4.455
Johnson,NL.06,11,4.455
Lee,FM3,11,1.54
Lee,FM4A,11,1.54
Louisa,WL,11,1.1
Madison,UCS,11,1.3199999999999998
Monona,FV004,11,0.55
Muscatine,MU01,11,1.8333333333333333
Muscatine,MU06,11,1.8333333333333333
O'Brien,P3,11,0.7999999999999999
Page,SD3,11,0.88
Palo Alto,GR RV,11,0.9166666666666666
Pottawattamie,CB 15,11,1.3199999999999998
Pottawattamie,CB 16,11,1.3199999999999998
Pottawattamie,LEWIS 1,11,1.3199999999999998
Pottawattamie,LEWIS 2,11,1.3199999999999998
Poweshiek,2,11,1.54
Sac,7,11,0.7333333333333333
Sioux,OC2,11,0.9624999999999999
Tama,TLCITY,11,1.423529411764706
Taylor,LX,11,1.1
Union,CS4,11,0.825
Wapello,OT04,11,0.99
Warren,IN4,11,2.566666666666667
Boone,BN4,12,2.2800000000000002
Buchanan,I1,12,1.642105263157895
Chickasaw,DS-FB,12,0.8400000000000001
Clay,SP2,12,1.1294117647058823
Clay,SP3,12,1.1294117647058823
Clayton,JF-MV,12,2
Clinton,CL22,12,2.657142857142857
Clinton,CL32,12,2.657142857142857
Dubuque,2,12,3.2
Dubuque,4,12,3.2
Dubuque,7,12,3.2
Hamilton,PCT 4,12,1.2000000000000002
Hamilton,WC3,12,1.2000000000000002
Hardin,HA,12,0.8639999999999999
Hardin,EL,12,0.8639999999999999
Jasper,IMM,12,1.3800000000000001
Johnson,IC.01,12,4.86
Johnson,IC.17,12,4.86
Johnson,IC.18,12,4.86
Johnson,IC.23,12,4.86
Johnson,IC.24,12,4.86
Kossuth,AL2,12,1.0666666666666667
Lee,FM5,12,1.6800000000000002
Marion,PVLLE,12,2.16
Marshall,11 2-1,12,1.92
Muscatine,WLWA,12,2
Palo Alto,EM4,12,1
Polk,DM 044,12,3.357601713062099
Polk,DM 066,12,3.357601713062099
Polk,ALT 3,12,3.357601713062099
Polk,JOHN 1,12,3.357601713062099
Polk,JOHN 2,12,3.357601713062099
Polk,WDM-114,12,3.357601713062099
Poweshiek,8,12,1.6800000000000002
Sioux,HW,12,1.0499999999999998
Warren,NW3 LN,12,2.8
Adair,05GF,13,1.0196078431372548
Appanoose,CV1,13,1.04
Black Hawk,X401,13,2.6260000000000003
Black Hawk,X501,13,2.6260000000000003
Black Hawk,X502,13,2.6260000000000003
Calhoun,ROCKWEL,13,1.0833333333333333
Carroll,3,13,1.43
Carroll,4,13,1.43
Cerro Gordo,MC W2P2,13,2.3028571428571425
Clay,SP4,13,1.223529411764706
Clay,SP5,13,1.223529411764706
Delaware,ONNFBM,13,0.975
Dickinson,PCT 15,13,1.625
Floyd,RGRU,13,1.4444444444444444
Grundy,P6,13,1.3
Henry,NW,13,0.8666666666666667
Henry,NE,13,0.8666666666666667
Henry,MP4,13,0.8666666666666667
Jackson,1,13,2.2285714285714286
Jasper,FV,13,1.495
Jasper,NS,13,1.495
Jasper,NT1-1,13,1.495
"Jones ",ANS,13,2.08
Lee,WPPRDN,13,1.8200000000000003
Lucas,C2,13,0.9454545454545454
Madison,WT1,13,1.56
Madison,WT2,13,1.56
Marshall,15 4-1,13,2.08
Palo Alto,EM3,13,1.0833333333333333
Polk,DM 042,13,3.6374018558172736
Polk,DM 056,13,3.6374018558172736
Polk,GRIMES1,13,3.6374018558172736
Pottawattamie,CB 09,13,1.56
Pottawattamie,CRESC,13,1.56
Pottawattamie,UNDERW,13,1.56
Shelby,2,13,0.65
Shelby,9,13,0.65
Union,CS3,13,0.975
Union,CS5,13,0.975
Wapello,OT08,13,1.17
Wayne,C02,13,0.975
Webster,3,13,1.0833333333333333
Webster,8,13,1.0833333333333333
Webster,9,13,1.0833333333333333
Winneshiek,6,13,1.6640000000000001
Woodbury,28,13,2.7624999999999997
Allamakee,PCT 2,14,1.088888888888889
Black Hawk,X202,14,2.8280000000000003
Black Hawk,X302,14,2.8280000000000003
Black Hawk,W204,14,2.8280000000000003
Carroll,1,14,1.54
Cedar,WB1,14,2.4
Delaware,MC2,14,1.05
Dickinson,PCT 08,14,1.75
Floyd,CC1,14,1.5555555555555554
Grundy,P5,14,1.4000000000000001
Grundy,P7,14,1.4000000000000001
Harrison,MV,14,1.3066666666666666
Iowa,MR,14,1.4000000000000001
Jasper,NT2-1,14,1.61
Jasper,NT3-1,14,1.61
Lucas,C1,14,1.018181818181818
Marshall,13 3-1,14,2.24
Marshall,16 4-2,14,2.24
Polk,DM 055,14,3.9172019985724487
Polk,ANK 13,14,3.9172019985724487
Pottawattamie,CB 12,14,1.68
Pottawattamie,GARNER,14,1.68
Wapello,OT01,14,1.26
Black Hawk,X102,15,3.0300000000000002
Black Hawk,X103,15,3.0300000000000002
Calhoun,CHJEGLK,15,1.25
Floyd,CC3,15,1.6666666666666665
Marshall,12 2-2,15,2.4
Polk,DM 016,15,4.197002141327624
Polk,DM 039,15,4.197002141327624
Wapello,OT10,15,1.3499999999999999
Webster,10,15,1.25
Franklin,RLRSWF,16,0.8888888888888888
"Guthrie ",2,16,1.3714285714285714
"Guthrie ",6,16,1.3714285714285714
Hardin,CC,16,1.152
Henry,MP1,16,1.0666666666666667
Jasper,NT4-1,16,1.84
Polk,DM 015,16,4.476802284082798
Polk,JOHN 5,16,4.476802284082798
Poweshiek,9,16,2.24
Tama,CB/TM,16,2.070588235294118
Winneshiek,4,16,2.048
Floyd,CC2,17,1.8888888888888888
Hamilton,WC1,17,1.7000000000000002
Hancock,6,17,1.7000000000000002
Hardin,ET,17,1.224
Hardin,ELC,17,1.224
Henry,MP3,17,1.1333333333333333
Jasper,HR,17,1.955
Monroe,CTHSE,17,0.7846153846153847
Page,CL2,17,1.36
Polk,DM 041,17,4.756602426837973
Polk,ANK 12,17,4.756602426837973
Pottawattamie,CB 11,17,2.04
Poweshiek,7,17,2.3800000000000003
Winneshiek,5,17,2.176
Allamakee,PCT 7,18,1.4
Carroll,2,18,1.98
Chickasaw,BD,18,1.2600000000000002
Marshall,14 3-2,18,2.88
Pottawattamie,CB 08,18,2.16
Union,CS2,18,1.3499999999999999
Winneshiek,3,18,2.3040000000000003
Black Hawk,X203,19,3.838
Hardin,IF1,19,1.3679999999999999
Polk,DM 062,19,5.316202712348323
Polk,ANK 01,19,5.316202712348323
Wapello,OT09,19,1.71
Webster,1,19,1.5833333333333333
Hamilton,WC2,20,2
Iowa,LX,20,2
Pottawattamie,CB 10A,20,2.4
Ringgold,M2,21,0.7875
Benton,BN,22,1.65
Benton,FR,22,1.65
Decatur,LE,22,1.0352941176470587
Hardin,IF2,22,1.5839999999999999
Ringgold,M1,22,0.825
Wapello,OT03,22,1.98
Winneshiek,2,22,2.816
Iowa,WM,23,2.3000000000000003
Poweshiek,6,24,3.3600000000000003
Worth,W31,24,1.6
Henry,SE,30,2
Decatur,BL,36,1.6941176470588235
Black Hawk,B000,1,0.202
Black Hawk,G000,1,0.202
Black Hawk,Q000,1,0.202
Bremer,FD,1,0.22666666666666666
Calhoun,CEDAR,1,0.08333333333333333
Cerro Gordo,FLS,1,0.17714285714285713
Cerro Gordo,GMW,1,0.17714285714285713
Cerro Gordo,GME,1,0.17714285714285713
Clinton,CENT,1,0.22142857142857142
Clinton,EDCM,1,0.22142857142857142
Clinton,LBTO,1,0.22142857142857142
Clinton,LOMO,1,0.22142857142857142
Clinton,SHLN,1,0.22142857142857142
Clinton,WFCH,1,0.22142857142857142
Dallas,DO,1,0.4142857142857143
Dallas,LWL,1,0.4142857142857143
Dallas,SD,1,0.4142857142857143
Dallas,WM224,1,0.4142857142857143
Dickinson,PCT 07,1,0.125
Dickinson,PCT 09,1,0.125
Dubuque,44,1,0.26666666666666666
Emmet,2,1,0.11428571428571428
Emmet,4,1,0.11428571428571428
Hancock,5,1,0.1
Humboldt,SL-NN,1,0.08888888888888889
Ida,GV,1,0.15
Jefferson,BH-PO,1,0.21818181818181817
Jefferson,DM,1,0.21818181818181817
Jefferson,LG,1,0.21818181818181817
Jefferson,PN,1,0.21818181818181817
Johnson,CE,1,0.405
Johnson,GR,1,0.405
Johnson,HD,1,0.405
Johnson,SN,1,0.405
Johnson,WS,1,0.405
Keokuk,JA,1,0.11428571428571428
Keokuk,LC,1,0.11428571428571428
Keokuk,PR,1,0.11428571428571428
Keokuk,WN,1,0.11428571428571428
Kossuth,GW,1,0.08888888888888889
Kossuth,LC,1,0.08888888888888889
Kossuth,UN,1,0.08888888888888889
Kossuth,PC,1,0.08888888888888889
Kossuth,IV,1,0.08888888888888889
Kossuth,CR 1,1,0.08888888888888889
Linn,HIA04,1,0.43953488372093025
Linn,TBOU,1,0.43953488372093025
Linn,TBUF,1,0.43953488372093025
Linn,TCOL,1,0.43953488372093025
Linn,TLIN,1,0.43953488372093025
Linn,TSPR,1,0.43953488372093025
Lyon,P6,1,0.1
Mills,DR,1,0.15555555555555556
Mills,HN,1,0.15555555555555556
Mills,SV,1,0.15555555555555556
Osceola,HA,1,0.1
Plymouth,MRHG,1,0.225
Plymouth,SB,1,0.225
Plymouth,WF,1,0.225
Polk,DM 072,1,0.2798001427551749
Polk,ALLEN 1,1,0.2798001427551749
Polk,GRANGER,1,0.2798001427551749
Polk,MADISON,1,0.2798001427551749
Polk,SHELDAH,1,0.2798001427551749
Polk,WASH 1,1,0.2798001427551749
Sioux,SM,1,0.0875
Sioux,WB,1,0.0875
Tama,GR,1,0.12941176470588237
Tama,SOC,1,0.12941176470588237
Tama,LI,1,0.12941176470588237
Van Buren,SP,1,0.1
Wapello,CS,1,0.09
Wapello,CP,1,0.09
Wapello,HI,1,0.09
Warren,BM,1,0.23333333333333334
Warren,GR1DM86,1,0.23333333333333334
Warren,LB,1,0.23333333333333334
Warren,PM,1,0.23333333333333334
Warren,UN,1,0.23333333333333334
Warren,WB,1,0.23333333333333334
Winneshiek,11,1,0.128
Clayton,CC-SY,3,0.5
Clayton,ELMYVO,3,0.5
Clayton,FB-WG,3,0.5
Muscatine,F2LA,3,0.5
Muscatine,76CE,3,0.5
Muscatine,WTMW,3,0.5
Dickinson,PCT 10,4,0.5
Dickinson,PCT 12,4,0.5
Dickinson,PCT 14,4,0.5
Hamilton,PCT 2,5,0.5
Lyon,P1,5,0.5
Calhoun,BUWM,6,0.5
Webster,6,6,0.5
Shelby,3,10,0.5
Shelby,5,10,0.5
Shelby,7,10,0.5
Shelby,10,10,0.5
Crawford,SE,5,0.75
Winnebago,BUGRLC,5,0.75
Winnebago,FC 1,5,0.75
Dickinson,PCT 03,6,0.75
Dickinson,PCT 11,6,0.75
Dickinson,PCT 13,6,0.75
Webster,BD/NWC,9,0.75
Webster,DA/BU,9,0.75
Webster,5,9,0.75
Webster,OT/PV,9,0.75
Benton,ED,10,0.75
Benton,EL,10,0.75
Benton,IA,10,0.75
Benton,VT4,10,0.75
Benton,WA,10,0.75
Delaware,SFUN,10,0.75
Union,CS1,10,0.75
Wayne,H03,10,0.75
Monona,CP003,15,0.75
Shelby,6,15,0.75
Clayton,BM-HI,9,1.5
Muscatine,MU09,9,1.5
Muscatine,MU10,9,1.5
Muscatine,BL,9,1.5
Winnebago,CENTER,10,1.5
Audubon,1,15,1.5
Audubon,2,15,1.5
Louisa,SEL,15,1.5
Webster,11,18,1.5
Benton,PO,20,1.5
Marion,CL,2,0.36
Marion,IN,2,0.36
Marion,LB,2,0.36
Marion,WS,2,0.36
Cass,LW,3,0.36
Fayette,FB,3,0.36
Fayette,IL,3,0.36
Fayette,JF,3,0.36
Fayette,WE2,3,0.36
Madison,GMW,3,0.36
Pottawattamie,CARSON,3,0.36
Pottawattamie,GLWCW,3,0.36
Pottawattamie,MCCLELL,3,0.36
Wapello,GR,4,0.36
Wapello,KE,4,0.36
Davis,BF3,12,0.36
Davis,NE,12,0.36
Des Moines,PW,1,0.36
Des Moines,HJ,2,0.72
Des Moines,UNION,2,0.72
Cass,AT4,6,0.72
Cass,AT5,6,0.72
Cass,AN,6,0.72
Greene,NORTH,6,0.72
Madison,JDL,6,0.72
Pottawattamie,TREYNOR,6,0.72
Wapello,AG,8,0.72
Wapello,CN,8,0.72
Clarke,NE,9,0.72
Page,CL1,9,0.72
Hardin,AL,10,0.72
Des Moines,MY,4,1.44
Marion,PE3,8,1.44
"Jones ",ANN,9,1.44
Mahaska,OS3,9,1.44
Marshall,9 1-1,9,1.44
Marshall,10 1-2,9,1.44
Greene,J3,12,1.44
Pottawattamie,CB 02,12,1.44
Pottawattamie,CB 18,12,1.44
Linn,CR05,6,2.6372093023255814
Linn,CR06,6,2.6372093023255814
Linn,CR11,6,2.6372093023255814
Linn,CR13,6,2.6372093023255814
Linn,CR14,6,2.6372093023255814
Linn,CR16,6,2.6372093023255814
Linn,CR17,6,2.6372093023255814
Linn,CR23,6,2.6372093023255814
Linn,CR29,6,2.6372093023255814
Linn,CR32,6,2.6372093023255814
Linn,CR33,6,2.6372093023255814
Linn,CR34,6,2.6372093023255814
Linn,CR35,6,2.6372093023255814
Linn,HIA01,6,2.6372093023255814
Linn,MR07,6,2.6372093023255814
Linn,MR08,6,2.6372093023255814
Linn,MR11,6,2.6372093023255814
Linn,MR13,6,2.6372093023255814
Linn,ROB,6,2.6372093023255814
Linn,TFRA,6,2.6372093023255814
Linn,TWAS,6,2.6372093023255814
Linn,CR44,3,1.3186046511627907
Linn,MR02,3,1.3186046511627907
Linn,MR12,3,1.3186046511627907
Linn,TBRO,3,1.3186046511627907
Linn,TFAI,3,1.3186046511627907
Linn,TMAI,3,1.3186046511627907
Linn,TMON1,3,1.3186046511627907
Linn,TMON2,3,1.3186046511627907
Cedar,DA,4,0.6857142857142857
Cedar,MA,4,0.6857142857142857
Cedar,TT1,4,0.6857142857142857
Cedar,TT2,4,0.6857142857142857
Jackson,4,4,0.6857142857142857
Jackson,6,4,0.6857142857142857
Jackson,12,4,0.6857142857142857
Jackson,14,4,0.6857142857142857
Emmet,8,6,0.6857142857142857
Keokuk,LF/CC,6,0.6857142857142857
Adams,AD1,8,0.6857142857142857
Adams,AD3,8,0.6857142857142857
"Guthrie ",5,8,0.6857142857142857
Emmet,3,2,0.22857142857142856
Emmet,5,2,0.22857142857142856
Emmet,11,2,0.22857142857142856
Keokuk,AD,2,0.22857142857142856
Keokuk,RL,2,0.22857142857142856
Keokuk,SG1,2,0.22857142857142856
Keokuk,SG2,2,0.22857142857142856
Keokuk,SG3,2,0.22857142857142856
Keokuk,SG4,2,0.22857142857142856
Scott,B11,7,2.8933333333333335
Scott,B41,7,2.8933333333333335
Scott,B42,7,2.8933333333333335
Scott,B51,7,2.8933333333333335
Scott,D41,7,2.8933333333333335
Scott,D51,7,2.8933333333333335
Scott,D63,7,2.8933333333333335
Scott,D71,7,2.8933333333333335
Scott,D72,7,2.8933333333333335
Scott,D82,7,2.8933333333333335
Scott,D83,7,2.8933333333333335
Polk,DM 004,6,1.6788008565310495
Polk,DM 008,6,1.6788008565310495
Polk,DM 013,6,1.6788008565310495
Polk,DM 014,6,1.6788008565310495
Polk,DM 017,6,1.6788008565310495
Polk,DM 025,6,1.6788008565310495
Polk,DM 030,6,1.6788008565310495
Polk,DM 033,6,1.6788008565310495
Polk,DM 038,6,1.6788008565310495
Polk,DM 045,6,1.6788008565310495
Polk,DM 046,6,1.6788008565310495
Polk,DM 070,6,1.6788008565310495
Polk,DM 077,6,1.6788008565310495
Polk,DM 082,6,1.6788008565310495
Polk,BOND 1,6,1.6788008565310495
Polk,CLIVE 1,6,1.6788008565310495
Polk,CROCK 1,6,1.6788008565310495
Polk,FOUR MI,6,1.6788008565310495
Polk,JOHN 6,6,1.6788008565310495
Polk,MITCHEL,6,1.6788008565310495
Polk,SAYLOR2,6,1.6788008565310495
Polk,WDM-213,6,1.6788008565310495
Polk,WDM-314,6,1.6788008565310495
Polk,WHTS 1,6,1.6788008565310495
Johnson,CV.01,9,3.6450000000000005
Johnson,CV.07,9,3.6450000000000005
Johnson,IC.05,9,3.6450000000000005
Johnson,IC.09,9,3.6450000000000005
Johnson,IC.12,9,3.6450000000000005
Johnson,IC.14,9,3.6450000000000005
Johnson,IC.20,9,3.6450000000000005
Johnson,NL.03,9,3.6450000000000005
Woodbury,33,1,0.2125
Woodbury,37,1,0.2125
Woodbury,39,1,0.2125
Woodbury,40,1,0.2125
Woodbury,41,1,0.2125
Woodbury,42,1,0.2125
Woodbury,43,1,0.2125
Woodbury,44,1,0.2125
Crawford,CO,2,0.3
Ida,IG1,2,0.3
Ida,IG2,2,0.3
Ida,BL,2,0.3
Winnebago,EDLONO,2,0.3
Winnebago,KILI,2,0.3
Winnebago,MVFOD2,2,0.3
Mitchell,5,4,0.3
Union,LR,4,0.3
Pocahontas,PH2,5,0.3
Davis,SE,10,0.3
Crawford,DC-AB,4,0.6
Crawford,NE,4,0.6
Ida,MP,4,0.6
Winnebago,FC3D3,4,0.6
Winnebago,FC 2,4,0.6
Cass,AT2,5,0.6
Cass,AT3,5,0.6
Cass,GS,5,0.6
Fayette,PL,5,0.6
Fayette,WE1,5,0.6
Greene,CENTRAL,5,0.6
Madison,WO,5,0.6
Pottawattamie,MINDEN,5,0.6
Adams,AD2,7,0.6
Adams,AD4,7,0.6
Benton,VT2,8,0.6
Fremont,FG,8,0.6
Mitchell,OS1,8,0.6
Mitchell,6,8,0.6
Wayne,A01,8,0.6
Worth,W11,9,0.6
Cedar,GW,7,1.2
Cedar,LN,7,1.2
Crawford,D2-DT,8,1.2
Crawford,D3-GR,8,1.2
Wright,CL,9,1.2
Madison,PM,10,1.2
Pottawattamie,CB 03,10,1.2
Pottawattamie,CB 04,10,1.2
Pottawattamie,CB 05,10,1.2
Pottawattamie,CB 13,10,1.2
Pottawattamie,CB 14,10,1.2
"Guthrie ",4,14,1.2
Delaware,MC3,16,1.2
Henry,MP2,18,1.2
Sac,4,18,1.2
Worth,W12,18,1.2
Woodbury,1,8,1.7
Woodbury,2,8,1.7
Woodbury,3,8,1.7
Woodbury,5,8,1.7
Woodbury,7,8,1.7
Woodbury,10,8,1.7
Woodbury,18,8,1.7
Woodbury,22,8,1.7
Woodbury,26,8,1.7
Woodbury,27,8,1.7
Grundy,P2,3,0.30000000000000004
Grundy,P4,3,0.30000000000000004
Iowa,DA,3,0.30000000000000004
Iowa,HS,3,0.30000000000000004
Iowa,HC,3,0.30000000000000004
Lyon,P3,3,0.30000000000000004
Osceola,AT,3,0.30000000000000004
Osceola,OX,3,0.30000000000000004
Taylor,3TWNSHP,3,0.30000000000000004
Van Buren,DO,3,0.30000000000000004
Monona,ON106,6,0.30000000000000004
Monona,SH010,6,0.30000000000000004
Buena Vista,LKHM,3,0.6000000000000001
Hamilton,PCT 5,6,0.6000000000000001
Hancock,1,6,0.6000000000000001
Iowa,EN,6,0.6000000000000001
Iowa,HL,6,0.6000000000000001
Iowa,PI,6,0.6000000000000001
Louisa,MS,6,0.6000000000000001
Lyon,P8,6,0.6000000000000001
Taylor,BECITY,6,0.6000000000000001
Shelby,8,12,0.6000000000000001
Black Hawk,EO00,7,1.4140000000000001
Black Hawk,DK00,7,1.4140000000000001
Black Hawk,PK02,7,1.4140000000000001
Black Hawk,W202,7,1.4140000000000001
Black Hawk,W303,7,1.4140000000000001
Black Hawk,W304,7,1.4140000000000001
Black Hawk,W402,7,1.4140000000000001
Black Hawk,W404,7,1.4140000000000001
Black Hawk,W503,7,1.4140000000000001
Dallas,AL2,4,1.6571428571428573
Dallas,BDM,4,1.6571428571428573
Dallas,PY1,4,1.6571428571428573
Dallas,PY2,4,1.6571428571428573
Dallas,SGDC,4,1.6571428571428573
Dallas,VM,4,1.6571428571428573
Dallas,WM223,4,1.6571428571428573
Dallas,WM226,4,1.6571428571428573
Des Moines,BU6,3,1.08
Des Moines,DM,3,1.08
Marion,DA,6,1.08
Marion,KX1,6,1.08
Marion,KX2,6,1.08
Marion,OTLEY,6,1.08
Marion,PE4,6,1.08
Fayette,OE3,9,1.08
Pottawattamie,CB 01,9,1.08
Pottawattamie,CB 19,9,1.08
Pottawattamie,CB 20,9,1.08
Wapello,OT05,12,1.08
Wapello,OT06,12,1.08
Wapello,OT07,12,1.08
Black Hawk,X303,9,1.818
Black Hawk,X403,9,1.818
Black Hawk,W102,9,1.818
Black Hawk,W104,9,1.818
Black Hawk,W203,9,1.818
Black Hawk,W205,9,1.818
Black Hawk,W206,9,1.818
Black Hawk,W302,9,1.818
Black Hawk,W504,9,1.818
Black Hawk,W506,9,1.818
Calhoun,GREENFI,2,0.16666666666666666
Calhoun,UNION,2,0.16666666666666666
Webster,CP,2,0.16666666666666666
Webster,FU,2,0.16666666666666666
Webster,LG,2,0.16666666666666666
Webster,NE,2,0.16666666666666666
Webster,WA,2,0.16666666666666666
Clayton,BV,1,0.16666666666666666
Clayton,GM,1,0.16666666666666666
Clayton,MR,1,0.16666666666666666
Clayton,RD,1,0.16666666666666666
Muscatine,OR,1,0.16666666666666666
Clayton,LM,2,0.3333333333333333
Muscatine,GO,2,0.3333333333333333
Muscatine,PI,2,0.3333333333333333
Webster,CD,4,0.3333333333333333
Webster,DJ,4,0.3333333333333333
Sac,3,5,0.3333333333333333
Sac,9,5,0.3333333333333333
Worth,W23,5,0.3333333333333333
Worth,W24,5,0.3333333333333333
Franklin,GNIGEM,6,0.3333333333333333
Clayton,CL-GV,4,0.6666666666666666
Muscatine,F1,4,0.6666666666666666
Palo Alto,EM1,8,0.6666666666666666
Palo Alto,EM2,8,0.6666666666666666
Palo Alto,WB,8,0.6666666666666666
Webster,DO,8,0.6666666666666666
Henry,SW,10,0.6666666666666666
Franklin,HP3,12,0.6666666666666666
Dubuque,16,5,1.3333333333333333
Dubuque,17,5,1.3333333333333333
Dubuque,39,5,1.3333333333333333
Clayton,MN,8,1.3333333333333333
Muscatine,MU02,8,1.3333333333333333
Muscatine,MU03,8,1.3333333333333333
Webster,2,16,1.3333333333333333
Henry,CE,20,1.3333333333333333
Polk,DM 002,7,1.9586009992862243
Polk,DM 023,7,1.9586009992862243
Polk,DM 029,7,1.9586009992862243
Polk,DM 031,7,1.9586009992862243
Polk,DM 032,7,1.9586009992862243
Polk,DM 037,7,1.9586009992862243
Polk,DM 040,7,1.9586009992862243
Polk,DM 075,7,1.9586009992862243
Polk,DM 076,7,1.9586009992862243
Polk,DM 078,7,1.9586009992862243
Polk,DM 081,7,1.9586009992862243
Polk,BOND 2,7,1.9586009992862243
Polk,GRIMES3,7,1.9586009992862243
Polk,WDM-115,7,1.9586009992862243
Polk,WDM-211,7,1.9586009992862243
Polk,WHTS 2,7,1.9586009992862243
Polk,DM 003,9,2.5182012847965742
Polk,DM 007,9,2.5182012847965742
Polk,DM 009,9,2.5182012847965742
Polk,DM 021,9,2.5182012847965742
Polk,DM 073,9,2.5182012847965742
Polk,ALT 2,9,2.5182012847965742
Polk,ANK 03,9,2.5182012847965742
Polk,ANK 04,9,2.5182012847965742
Polk,ANK 11,9,2.5182012847965742
Polk,ANK 15,9,2.5182012847965742
Polk,CLIVE 2,9,2.5182012847965742
Polk,PH 1,9,2.5182012847965742
Polk,PH 2,9,2.5182012847965742
Polk,PH 3,9,2.5182012847965742
Polk,URB 01,9,2.5182012847965742
Polk,URB 04,9,2.5182012847965742
Polk,URB 11,9,2.5182012847965742
Polk,WDM-116,9,2.5182012847965742
Polk,WDM-117,9,2.5182012847965742
Polk,WDM-118,9,2.5182012847965742
Polk,WDM-317,9,2.5182012847965742
Polk,WHTS 3,9,2.5182012847965742
Linn,CR01,5,2.197674418604651
Linn,CR02,5,2.197674418604651
Linn,CR03,5,2.197674418604651
Linn,CR04,5,2.197674418604651
Linn,CR08,5,2.197674418604651
Linn,CR09,5,2.197674418604651
Linn,CR15,5,2.197674418604651
Linn,CR27,5,2.197674418604651
Linn,CR38,5,2.197674418604651
Linn,CR40,5,2.197674418604651
Linn,CR42,5,2.197674418604651
Linn,FAI,5,2.197674418604651
Linn,MR01,5,2.197674418604651
Linn,MR03,5,2.197674418604651
Linn,MR09,5,2.197674418604651
Linn,MR10,5,2.197674418604651
Linn,TPUT,5,2.197674418604651
Lee,FM1,5,0.7000000000000001
Lee,KE1,5,0.7000000000000001
Lee,KE2A,5,0.7000000000000001
Poweshiek,10,5,0.7000000000000001
Hamilton,PCT 1,7,0.7000000000000001
Lyon,P4,7,0.7000000000000001
Osceola,OS2,7,0.7000000000000001
Chickasaw,NH3,10,0.7000000000000001
Chickasaw,NH4,10,0.7000000000000001
Linn,CR07,4,1.758139534883721
Linn,CR18,4,1.758139534883721
Linn,CR22,4,1.758139534883721
Linn,CR43,4,1.758139534883721
Linn,HIA02,4,1.758139534883721
Linn,MR04,4,1.758139534883721
Linn,MR14,4,1.758139534883721
Linn,MVN,4,1.758139534883721
Scott,AG,1,0.41333333333333333
Scott,B23,1,0.41333333333333333
Scott,BF,1,0.41333333333333333
Scott,DH,1,0.41333333333333333
Scott,HG,1,0.41333333333333333
Scott,LB,1,0.41333333333333333
Scott,MC,1,0.41333333333333333
Scott,RV,1,0.41333333333333333
Scott,WF,1,0.41333333333333333
Scott,B21,4,1.6533333333333333
Scott,BG,4,1.6533333333333333
Scott,D22,4,1.6533333333333333
Scott,D23,4,1.6533333333333333
Scott,D32,4,1.6533333333333333
Scott,D33,4,1.6533333333333333
Scott,D74,4,1.6533333333333333
Scott,LC1,4,1.6533333333333333
Scott,LC2,4,1.6533333333333333
Scott,PKV,4,1.6533333333333333
"Jones ",OX,2,0.32
Mahaska,AD,2,0.32
Mahaska,BO,2,0.32
Mahaska,ED,2,0.32
Marshall,6 LB-MI,2,0.32
Marshall,7 MA-WA,2,0.32
Appanoose,WS,4,0.32
Appanoose,BL,4,0.32
Appanoose,JO,4,0.32
Appanoose,UD,4,0.32
"Jones ",MN1,4,0.64
"Jones ",MN2,4,0.64
"Jones ",MN3,4,0.64
"Jones ",MN4,4,0.64
"Jones ",RLWS,4,0.64
"Jones ",SGMC,4,0.64
Mahaska,CE,4,0.64
Mahaska,PR,4,0.64
Marshall,8 MR-VI,4,0.64
Marshall,19 TC,4,0.64
Clarke,OC1,8,0.64
Clarke,OC2,8,0.64
Scott,BU,5,2.0666666666666664
Scott,D11,5,2.0666666666666664
Scott,D14,5,2.0666666666666664
Scott,D31,5,2.0666666666666664
Scott,D34,5,2.0666666666666664
Scott,D42,5,2.0666666666666664
Scott,D43,5,2.0666666666666664
Scott,D44,5,2.0666666666666664
Scott,D54,5,2.0666666666666664
Scott,D81,5,2.0666666666666664
Scott,D84,5,2.0666666666666664
Scott,EL2,5,2.0666666666666664
Polk,DM 011,11,3.077801570306924
Polk,DM 043,11,3.077801570306924
Polk,DM 058,11,3.077801570306924
Polk,DM 059,11,3.077801570306924
Polk,DM 063,11,3.077801570306924
Polk,DM 065,11,3.077801570306924
Polk,ALT 5,11,3.077801570306924
Polk,CLIVE 3,11,3.077801570306924
Polk,GRIMES2,11,3.077801570306924
Polk,POLK CI,11,3.077801570306924
Polk,URB 02,11,3.077801570306924
Polk,URB 06,11,3.077801570306924
Polk,URB 07,11,3.077801570306924
Polk,URB 09,11,3.077801570306924
Polk,WDM-212,11,3.077801570306924
Polk,WDM-316,11,3.077801570306924
Story,21,1,0.415
Story,23,1,0.415
Story,27,1,0.415
Story,28,1,0.415
Story,29,1,0.415
Story,34,1,0.415
Story,36,1,0.415
Story,37,1,0.415
Story,38,1,0.415
Story,42,1,0.415
Hancock,2,2,0.2
Hancock,3,2,0.2
Hancock,8,2,0.2
Hancock,10,2,0.2
Lyon,P2,2,0.2
Lyon,P5,2,0.2
Osceola,MC,2,0.2
Osceola,MV,2,0.2
Taylor,BK,2,0.2
Taylor,CF,2,0.2
Taylor,GRAVITY,2,0.2
Van Buren,CN,2,0.2
Van Buren,ML,2,0.2
Sac,5,3,0.2
Sac,8,3,0.2
Monona,CN002,4,0.2
Monona,STC11,4,0.2
Buena Vista,ACFC,2,0.4
Buena Vista,NENP,2,0.4
Buena Vista,TRWG,2,0.4
Wright,DOWS,3,0.4
Wright,EG2,3,0.4
Wright,EG3,3,0.4
Wright,EG4,3,0.4
Grundy,P3,4,0.4
Hancock,7,4,0.4
Hancock,9,4,0.4
Lyon,P7,4,0.4
Osceola,OS1,4,0.4
Taylor,NM,4,0.4
Van Buren,BI,4,0.4
Van Buren,BO,4,0.4
Van Buren,FM,4,0.4
Appanoose,PS,5,0.4
Appanoose,WALNUT,5,0.4
Montgomery,6,5,0.4
Page,PC,5,0.4
Sac,6,6,0.4
Monona,AS001,8,0.4
Dubuque,37,3,0.8
Dubuque,38,3,0.8
Buena Vista,2,4,0.8
"Jones ",ROHA,5,0.8
Marshall,18 TA,5,0.8
Iowa,FM,8,0.8
Iowa,HT,8,0.8
Osceola,OS3,8,0.8
Humboldt,H2-B-SN,9,0.8
Kossuth,AL1,9,0.8
Appanoose,CV3,10,0.8
Clarke,OC3,10,0.8
Montgomery,1,10,0.8
Montgomery,2,10,0.8
Page,ER,10,0.8
Page,SD2,10,0.8
Clayton,GDLUMO,7,1.1666666666666665
Muscatine,MU04,7,1.1666666666666665
Muscatine,MU05,7,1.1666666666666665
Muscatine,MU07,7,1.1666666666666665
Muscatine,WL2,7,1.1666666666666665
Webster,4,14,1.1666666666666665
Webster,7,14,1.1666666666666665
Webster,12,14,1.1666666666666665
Johnson,CV.04,7,2.835
Johnson,CV.05,7,2.835
Johnson,IC.03,7,2.835
Johnson,IC.10,7,2.835
Johnson,IC.13,7,2.835
Johnson,IC.19,7,2.835
Johnson,NP,7,2.835
Johnson,NL.01,7,2.835
Johnson,NL.02,7,2.835
Pocahontas,GT,2,0.12
Cass,VI,1,0.12
Cass,CU,1,0.12
Fayette,CE,1,0.12
Fayette,SC,1,0.12
Fayette,SF,1,0.12
Fayette,UN,1,0.12
Pottawattamie,MACEDON,1,0.12
Cass,BN,2,0.24
Cass,MS,2,0.24
Fayette,AU,2,0.24
Fayette,DV,2,0.24
Fayette,ED,2,0.24
Fayette,OR,2,0.24
Pottawattamie,HANCOCK,2,0.24
Clarke,WB,3,0.24
Montgomery,4,3,0.24
Montgomery,5,3,0.24
"Jones ",GF,3,0.48
"Jones ",WY,3,0.48
Mahaska,GF,3,0.48
Mahaska,SP,3,0.48
Marshall,1 BA-LS,3,0.48
Marshall,3 GC,3,0.48
Marshall,4 JF,3,0.48
Cass,AT1,4,0.48
Cass,MR,4,0.48
Fayette,BF,4,0.48
Fayette,BW,4,0.48
Fayette,CL,4,0.48
Fayette,FP,4,0.48
Fayette,HL,4,0.48
Fayette,WE3,4,0.48
Greene,WEST,4,0.48
Pottawattamie,WALNUT,4,0.48
Appanoose,VM,6,0.48
Clarke,MDL,6,0.48
Clarke,MY,6,0.48
Page,SD1,6,0.48
Pocahontas,CD,8,0.48
Davis,BF1,16,0.48
Davis,BF2,16,0.48
Davis,CN,16,0.48
Mahaska,OS1,6,0.96
Marshall,5 LG,6,0.96
Fayette,OE1,8,0.96
Greene,J1,8,0.96
Greene,J2,8,0.96
Pottawattamie,CB 21,8,0.96
Pottawattamie,AVOCA,8,0.96
Pottawattamie,NEOLA,8,0.96
Pottawattamie,OAKLAND,8,0.96
Montgomery,3,12,0.96
Linn,CR10,7,3.0767441860465117
Linn,CR19,7,3.0767441860465117
Linn,CR20,7,3.0767441860465117
Linn,CR21,7,3.0767441860465117
Linn,CR28,7,3.0767441860465117
Linn,CR30,7,3.0767441860465117
Linn,CR37,7,3.0767441860465117
Linn,CR41,7,3.0767441860465117
Linn,MR06,7,3.0767441860465117
Linn,MVS,7,3.0767441860465117
Linn,TBER,7,3.0767441860465117
Polk,DM 020,8,2.238401142041399
Polk,DM 022,8,2.238401142041399
Polk,DM 026,8,2.238401142041399
Polk,DM 036,8,2.238401142041399
Polk,DM 047,8,2.238401142041399
Polk,DM 050,8,2.238401142041399
Polk,DM 057,8,2.238401142041399
Polk,DM 064,8,2.238401142041399
Polk,DM 069,8,2.238401142041399
Polk,DM 079,8,2.238401142041399
Polk,DM 083,8,2.238401142041399
Polk,ANK 07,8,2.238401142041399
Polk,ANK 10,8,2.238401142041399
Polk,JOHN 3,8,2.238401142041399
Polk,SAYLOR1,8,2.238401142041399
Polk,WDM-111,8,2.238401142041399
Polk,WDM-113,8,2.238401142041399
Polk,WDM-315,8,2.238401142041399
Polk,DM 001,4,1.1192005710206996
Polk,DM 005,4,1.1192005710206996
Polk,DM 019,4,1.1192005710206996
Polk,DM 024,4,1.1192005710206996
Polk,DM 035,4,1.1192005710206996
Polk,DM 053,4,1.1192005710206996
Polk,DM 054,4,1.1192005710206996
Polk,DM 074,4,1.1192005710206996
Polk,CROCK 2,4,1.1192005710206996
Polk,ELKHART,4,1.1192005710206996
Polk,FRANKLI,4,1.1192005710206996
Polk,WDM-313,4,1.1192005710206996
Crawford,SRK,3,0.44999999999999996
Ida,IG3,3,0.44999999999999996
Winnebago,FC 4,3,0.44999999999999996
Winnebago,NEFOD1,3,0.44999999999999996
Wapello,CB,5,0.44999999999999996
Benton,BP1,6,0.44999999999999996
Benton,BP3,6,0.44999999999999996
Benton,HO,6,0.44999999999999996
Benton,KA,6,0.44999999999999996
Delaware,DW,6,0.44999999999999996
Mitchell,OS2,6,0.44999999999999996
Marion,KX4,5,0.8999999999999999
Marion,LP,5,0.8999999999999999
Crawford,D1,6,0.8999999999999999
Ida,GG,6,0.8999999999999999
Benton,FL,12,0.8999999999999999
Benton,VT1,12,0.8999999999999999
Delaware,MC1,12,0.8999999999999999
Delaware,MLPR,12,0.8999999999999999
Fremont,SN,12,0.8999999999999999
Mitchell,9,12,0.8999999999999999
Des Moines,BU3,5,1.7999999999999998
Des Moines,BU4,5,1.7999999999999998
Des Moines,BU5,5,1.7999999999999998
Des Moines,FM,5,1.7999999999999998
Pottawattamie,CB 06,15,1.7999999999999998
Pottawattamie,CB 07,15,1.7999999999999998
Pottawattamie,CB 10B,15,1.7999999999999998
Pottawattamie,CB 17,15,1.7999999999999998
Wapello,OT02,20,1.7999999999999998
Scott,B12,6,2.48
Scott,B22,6,2.48
Scott,B31,6,2.48
Scott,B32,6,2.48
Scott,D12,6,2.48
Scott,D13,6,2.48
Scott,D21,6,2.48
Scott,D24,6,2.48
Scott,D52,6,2.48
Scott,D53,6,2.48
Scott,D61,6,2.48
Scott,D62,6,2.48
Scott,D73,6,2.48
Scott,EL1,6,2.48
Cerro Gordo,MC W3P3,14,2.48
Warren,CM WDM,2,0.4666666666666667
Warren,LC1,2,0.4666666666666667
Warren,SQC,2,0.4666666666666667
Warren,VA,2,0.4666666666666667
Mills,PJ,3,0.4666666666666667
Butler,3-DU,4,0.4666666666666667
Butler,4-AL,4,0.4666666666666667
Harrison,MA,5,0.4666666666666667
Harrison,TA,5,0.4666666666666667
Sac,1,7,0.4666666666666667
Worth,W21,7,0.4666666666666667
Worth,W22,7,0.4666666666666667
Dubuque,3,7,1.8666666666666667
Dubuque,8,7,1.8666666666666667
Dubuque,13,7,1.8666666666666667
Dubuque,18,7,1.8666666666666667
Dubuque,33,7,1.8666666666666667
Dubuque,36,7,1.8666666666666667
Dubuque,41,7,1.8666666666666667
Dubuque,42,7,1.8666666666666667
Warren,AL3,8,1.8666666666666667
Warren,NW1,8,1.8666666666666667
Wright,BM,14,1.8666666666666667
Fayette,OE2,7,0.84
Fayette,WF,7,0.84
Greene,EAST,7,0.84
Madison,JL,7,0.84
Madison,S,7,0.84
Pottawattamie,CL 1,7,0.84
Pottawattamie,CL 2,7,0.84
Pocahontas,PH1,14,0.84
Polk,DM 010,10,2.798001427551749
Polk,DM 028,10,2.798001427551749
Polk,DM 060,10,2.798001427551749
Polk,DM 061,10,2.798001427551749
Polk,DM 071,10,2.798001427551749
Polk,DM 080,10,2.798001427551749
Polk,ALT 4,10,2.798001427551749
Polk,ANK 02,10,2.798001427551749
Polk,ANK 05,10,2.798001427551749
Polk,ANK 06,10,2.798001427551749
Polk,ANK 08,10,2.798001427551749
Polk,ANK 09,10,2.798001427551749
Polk,ANK 14,10,2.798001427551749
Polk,CLIVE 4,10,2.798001427551749
Polk,JOHN 4,10,2.798001427551749
Polk,URB 03,10,2.798001427551749
Polk,URB 05,10,2.798001427551749
Polk,URB 08,10,2.798001427551749
Polk,URB 10,10,2.798001427551749
Polk,WDM-311,10,2.798001427551749
Polk,WDM-312,10,2.798001427551749
Polk,DM 006,5,1.3990007137758744
Polk,DM 012,5,1.3990007137758744
Polk,DM 018,5,1.3990007137758744
Polk,DM 027,5,1.3990007137758744
Polk,DM 051,5,1.3990007137758744
Polk,DM 052,5,1.3990007137758744
Polk,DM 068,5,1.3990007137758744
Polk,DM 084,5,1.3990007137758744
Polk,ALT 1,5,1.3990007137758744
Polk,DEL 1,5,1.3990007137758744
Polk,JEFF 1,5,1.3990007137758744
Polk,RUNNELL,5,1.3990007137758744
Polk,WDM-112,5,1.3990007137758744